name,node_id,osm_node_id,ctrl_type,x_coord,y_coord,is_boundary,activity_type,poi_id,zone_id,notes
,0,638359120,,55.285931,25.181576,,,,,
,1,95039334,,55.293861,25.182565,,,,,
,2,95041313,,55.293792,25.186467,,,,,
,3,1664582700,,55.288391,25.182892,,,,,
,4,1015938626,,55.259015,25.173635,,,,,
,5,5796503219,,55.265694,25.169974,,,,,
,6,9990891187,,55.262017,25.196063,,,,,
,7,117732807,,55.262797,25.195475,,,,,
,8,117752661,,55.253945,25.202566,,,,,
,9,117759956,,55.257438,25.200535,,,,,
,10,9974786487,,55.258211,25.200077,,,,,
,11,117759442,,55.257925,25.201237,,,,,
,12,117759959,,55.258283,25.201813,,,,,
,13,117759445,,55.257009,25.201754,,,,,
,14,9976907419,,55.259012,25.197824,,,,,
,15,117765914,,55.259327,25.198281,,,,,
,16,117765496,,55.259946,25.199161,,,,,
,17,117765256,,55.260402,25.199808,,,,,
,18,9976907358,,55.258362,25.198283,,,,,
,19,1854233738,,55.283263,25.180783,,,,,
,20,9929524045,,55.285138,25.181662,,,,,
,21,638356241,,55.286412,25.182829,,,,,
,22,4911210095,,55.256189,25.173839,,,,,
,23,1050179989,,55.257882,25.172540,,,,,
,24,1050180589,,55.258491,25.172082,,,,,
,25,8992874844,,55.260074,25.170872,,,,,
,26,647954726,,55.270582,25.172515,,,,,
,27,4886438435,,55.268098,25.170629,,,,,
,28,3966148438,,55.281705,25.204454,,,,,
,29,10068515714,,55.281741,25.204771,,,,,
,30,1121799643,,55.281757,25.205141,,,,,
,31,444995892,,55.282296,25.208448,,,,,
,32,10722966430,,55.281547,25.203440,,,,,
,33,10060736588,,55.284556,25.200193,,,,,
,34,1132269496,signal,55.284103,25.198230,,,,,
,35,265714794,,55.285097,25.202468,,,,,
,36,10060736642,,55.284854,25.202537,,,,,
,37,6446232949,,55.284775,25.202247,,,,,
,38,10060736643,,55.285006,25.202198,,,,,
,39,265714798,,55.284726,25.202350,,,,,
,40,6446232954,,55.284795,25.202506,,,,,
,41,6446232946,,55.285125,25.202411,,,,,
,42,10060736641,,55.285060,25.202227,,,,,
,43,266088436,,55.277948,25.201584,,,,,
,44,266088434,,55.278827,25.204303,,,,,
,45,1125079528,,55.278452,25.200628,,,,,
,46,605023878,,55.279082,25.199406,,,,,
,47,2751604784,,55.279330,25.194518,,,,,
,48,605012049,,55.279395,25.194504,,,,,
,49,605012042,,55.279514,25.194567,,,,,
,50,605023872,,55.278518,25.200067,,,,,
,51,11626228406,,55.278644,25.199497,,,,,
,52,1140037402,,55.293572,25.183057,,,,,
,53,638353572,,55.284503,25.182208,,,,,
,54,1664582692,,55.282942,25.181455,,,,,
,55,1140037242,,55.282886,25.181555,,,,,
,56,4762807700,,55.271718,25.172566,,,,,
,57,12039442349,,55.273579,25.174295,,,,,
,58,12039442352,,55.275958,25.176015,,,,,
,59,648477252,,55.277475,25.201352,,,,,
,60,9050058341,,55.277425,25.201271,,,,,
,61,1132287236,,55.276200,25.202228,,,,,
,62,1132287237,,55.270471,25.205101,,,,,
,63,1151485288,,55.277261,25.188401,,,,,
,64,4912982997,,55.276298,25.189442,,,,,
,65,95051170,,55.272902,25.203738,,,,,
,66,6061449281,,55.282193,25.198635,,,,,
,67,6061449282,,55.283367,25.197999,,,,,
,68,9007111774,,55.283783,25.197777,,,,,
,69,6061449280,,55.282343,25.198557,,,,,
,70,1125079474,,55.278234,25.200733,,,,,
,71,7083141815,,55.277939,25.200885,,,,,
,72,10068208810,,55.277851,25.200932,,,,,
,73,648477269,,55.277728,25.200997,,,,,
,74,1123405074,,55.274225,25.199403,,,,,
,75,1123405144,,55.272603,25.199959,,,,,
,76,5802343799,,55.272888,25.200449,,,,,
,77,927218798,,55.272189,25.201968,,,,,
,78,927218828,,55.273597,25.201601,,,,,
,79,5802335950,,55.272219,25.202019,,,,,
,80,5802335952,,55.271623,25.201764,,,,,
,81,4088974052,,55.271668,25.187627,,,,,
,82,3851764168,,55.271946,25.187943,,,,,
,83,4773398726,,55.272093,25.188093,,,,,
,84,647976535,,55.277869,25.201632,,,,,
,85,939451616,,55.272560,25.199301,,,,,
,86,939451620,,55.270094,25.199069,,,,,
,87,939451623,,55.269127,25.197302,,,,,
,88,939451603,,55.272538,25.199233,,,,,
,89,939463696,,55.257832,25.188356,,,,,
,90,4166868775,,55.257926,25.188211,,,,,
,91,9289371278,,55.258127,25.188418,,,,,
,92,939463692,,55.258112,25.188437,,,,,
,93,939463701,,55.258136,25.188283,,,,,
,94,2141205364,,55.260152,25.189995,,,,,
,95,939463938,,55.263117,25.189842,,,,,
,96,3852524812,,55.264886,25.190352,,,,,
,97,4768385720,,55.265889,25.191870,,,,,
,98,6553283042,,55.266275,25.193078,,,,,
,99,3852524816,,55.266400,25.193488,,,,,
,100,4762807702,,55.260543,25.172373,,,,,
,101,1015938641,,55.262105,25.171380,,,,,
,102,1029419370,,55.257728,25.191830,,,,,
,103,1029419577,,55.258620,25.191095,,,,,
,104,1029417989,,55.259988,25.201977,,,,,
,105,10276007254,,55.258101,25.203096,,,,,
,106,5804657965,,55.257924,25.203201,,,,,
,107,1029418407,,55.255519,25.204642,,,,,
,108,1029419338,,55.258445,25.191472,,,,,
,109,1039175675,,55.258318,25.191585,,,,,
,110,1029419281,,55.257913,25.191978,,,,,
,111,7684934785,,55.258902,25.191124,,,,,
,112,1029419102,,55.259011,25.191282,,,,,
,113,1029417938,,55.259179,25.191470,,,,,
,114,9977313840,,55.260265,25.192723,,,,,
,115,1029416955,,55.264751,25.199650,,,,,
,116,1029417311,,55.264181,25.199578,,,,,
مخرج 49 جنوب,117,1029417195,,55.261024,25.192866,,,,,
,118,1029417394,,55.259380,25.191353,,,,,
,119,1029417605,,55.257619,25.191951,,,,,
,120,117732944,,55.261787,25.196189,,,,,
,121,9990891193,,55.261932,25.196336,,,,,
,122,1029420481,,55.264138,25.198779,,,,,
,123,1121853829,,55.265350,25.200240,,,,,
,124,9990891175,,55.265488,25.200423,,,,,
,125,7140130316,,55.265905,25.200992,,,,,
,126,4924820984,,55.265986,25.201102,,,,,
,127,2453269473,,55.266994,25.202596,,,,,
,128,1029418743,,55.268020,25.204134,,,,,
,129,1029417567,,55.259872,25.201906,,,,,
,130,4924499025,,55.260063,25.201803,,,,,
,131,4924491204,,55.260266,25.201706,,,,,
,132,1029420063,,55.259058,25.191385,,,,,
,133,9977313852,,55.258761,25.191225,,,,,
,134,1029417787,,55.269285,25.203344,,,,,
,135,1029419502,,55.268347,25.201552,,,,,
,136,1029418906,,55.259638,25.201634,,,,,
,137,9075848775,,55.259045,25.200784,,,,,
,138,9075848773,,55.258953,25.200657,,,,,
,139,9075848781,,55.258855,25.200519,,,,,
,140,9974786486,,55.258463,25.199960,,,,,
,141,9974786482,,55.258429,25.199912,,,,,
,142,4924618370,,55.254654,25.194514,,,,,
,143,9968019033,,55.258621,25.191084,,,,,
,144,1029418714,,55.258714,25.190974,,,,,
,145,1029417324,,55.258759,25.190967,,,,,
,146,4924598204,,55.258871,25.191012,,,,,
,147,1029416828,,55.258750,25.191224,,,,,
,148,1029418307,,55.258903,25.191120,,,,,
,149,9083647437,,55.258338,25.190662,,,,,
,150,117739872,,55.256154,25.188283,,,,,
,151,1039175684,,55.258076,25.192194,,,,,
,152,1050180114,,55.256297,25.169726,,,,,
,153,5813148199,,55.257223,25.174641,,,,,
,154,1050180428,,55.258326,25.173801,,,,,
,155,1050180052,,55.255699,25.170190,,,,,
,156,1103158318,,55.274310,25.202989,,,,,
,157,1132287251,,55.273267,25.203942,,,,,
,158,319523276,,55.288377,25.195158,,,,,
,159,319523301,,55.293454,25.190007,,,,,
,160,1103158384,,55.269835,25.205301,,,,,
,161,95047649,,55.272857,25.203654,,,,,
,162,10068515785,,55.283992,25.204839,,,,,
,163,7790308866,,55.288176,25.203561,,,,,
,164,1121799656,,55.288201,25.203711,,,,,
,165,10068515784,,55.288357,25.204636,,,,,
,166,1121799624,,55.288899,25.207717,,,,,
,167,1121799650,,55.287958,25.202269,,,,,
,168,1121799651,,55.287982,25.202413,,,,,
,169,1121799653,,55.288053,25.202834,,,,,
,170,1121799655,,55.288126,25.203266,,,,,
,171,1121799648,,55.287868,25.201736,,,,,
,172,11921545038,,55.288394,25.202209,,,,,
,173,11921545041,,55.288863,25.202145,,,,,
,174,1121799662,,55.291043,25.201847,,,,,
,175,1121799675,,55.284709,25.201128,,,,,
,176,1121799676,,55.285789,25.200973,,,,,
,177,3403983712,,55.286866,25.200818,,,,,
,178,1121799677,,55.288539,25.200578,,,,,
,179,265869545,,55.292049,25.200075,,,,,
,180,3403983711,,55.286372,25.198981,,,,,
,181,1121799681,,55.289823,25.197136,,,,,
,182,1121799600,,55.288717,25.201618,,,,,
,183,10060736548,,55.282433,25.201077,,,,,
,184,7730851710,,55.282318,25.201255,,,,,
,185,10060736549,,55.283652,25.200430,,,,,
,186,10060736529,,55.283843,25.201606,,,,,
,187,1121799707,,55.285842,25.203151,,,,,
,188,10068515738,,55.285879,25.203357,,,,,
,189,1121799703,,55.286031,25.204034,,,,,
,190,1121799699,,55.284000,25.204885,,,,,
,191,1121799706,,55.285920,25.203583,,,,,
,192,7771997215,,55.286642,25.202609,,,,,
,193,7771997217,,55.287471,25.202488,,,,,
,194,7771997218,,55.287542,25.202908,,,,,
,195,7771997216,,55.286716,25.203026,,,,,
,196,10068515795,,55.287614,25.203340,,,,,
,197,10068515792,,55.286787,25.203459,,,,,
,198,10068515793,,55.286862,25.203912,,,,,
,199,10068515796,,55.287690,25.203788,,,,,
,200,1121853758,,55.262026,25.199781,,,,,
,201,1121853788,,55.262559,25.198374,,,,,
,202,9990891182,,55.265577,25.200178,,,,,
,203,9790487495,,55.266162,25.199770,,,,,
,204,1123405166,,55.271110,25.200181,,,,,
,205,9074581341,,55.272022,25.199860,,,,,
,206,1123405163,,55.272278,25.199770,,,,,
,207,5802343789,,55.272770,25.199414,,,,,
,208,5802343783,,55.272780,25.199021,,,,,
,209,9075848789,,55.269901,25.200106,,,,,
,210,9074620776,,55.269765,25.199911,,,,,
,211,9074620787,,55.269117,25.198996,,,,,
,212,1123405294,,55.268709,25.198444,,,,,
,213,8998092607,,55.267931,25.197349,,,,,
,214,8998092615,,55.267913,25.197294,,,,,
,215,1752986057,,55.267274,25.195542,,,,,
,216,5802374166,,55.270865,25.200242,,,,,
,217,1123405324,,55.270877,25.200012,,,,,
,218,1123405117,,55.270715,25.199526,,,,,
,219,927218697,,55.270503,25.200282,,,,,
,220,95050498,,55.269309,25.201672,,,,,
,221,1123415960,,55.270617,25.202535,,,,,
,222,430810282,,55.271333,25.206251,,,,,
,223,1123415975,,55.270012,25.204389,,,,,
,224,1123416082,,55.270087,25.203306,,,,,
,225,1123416086,,55.271302,25.203229,,,,,
,226,95049168,,55.272190,25.202994,,,,,
,227,648477271,,55.277834,25.201159,,,,,
,228,8871912820,,55.277895,25.201259,,,,,
,229,1121799592,,55.278642,25.204448,,,,,
,230,2396987823,,55.278565,25.204190,,,,,
,231,2396987809,,55.278399,25.203458,,,,,
,232,2396987808,,55.278390,25.203403,,,,,
,233,1125072229,,55.278157,25.202450,,,,,
,234,647982457,,55.277298,25.200414,,,,,
,235,1125079610,,55.278354,25.200879,,,,,
,236,1125079621,,55.278167,25.201693,,,,,
,237,1125092707,,55.271066,25.204439,,,,,
,238,1125092727,,55.270630,25.203720,,,,,
,239,1132287254,,55.272264,25.206434,,,,,
,240,1125092876,,55.268080,25.206124,,,,,
,241,1125092909,,55.269757,25.205168,,,,,
,242,1123415972,,55.274236,25.202692,,,,,
,243,2579033385,,55.268506,25.200908,,,,,
,244,1125093044,,55.269826,25.202340,,,,,
,245,1125093071,,55.272003,25.203339,,,,,
,246,1125093080,,55.273238,25.204610,,,,,
,247,1132300041,,55.274154,25.205977,,,,,
,248,648477254,,55.277368,25.201188,,,,,
,249,8871912825,,55.277290,25.201073,,,,,
,250,10068208811,,55.277272,25.201043,,,,,
,251,647981955,,55.276929,25.200557,,,,,
,252,1125069071,,55.276450,25.200099,,,,,
,253,1752986066,,55.276265,25.199999,,,,,
,254,7047271478,signal,55.273550,25.199238,,,,,
,255,3852655218,,55.273344,25.199184,,,,,
,256,7027017565,signal,55.272291,25.198834,,,,,
,257,647981987,,55.272069,25.198733,,,,,
,258,9050058345,,55.277762,25.201050,,,,,
,259,10060736587,,55.284567,25.200261,,,,,
,260,1121799684,,55.284766,25.201472,,,,,
,261,10060736600,,55.284837,25.201895,,,,,
,262,1132269476,,55.284235,25.198142,,,,,
,263,1132269486,,55.283559,25.197456,,,,,
,264,1132281236,,55.293405,25.194665,,,,,
,265,1132300168,,55.274720,25.203110,,,,,
,266,1103158320,,55.272104,25.205768,,,,,
,267,1103158329,,55.270693,25.205715,,,,,
,268,1103158338,,55.269730,25.204208,,,,,
,269,4781562501,,55.272885,25.204220,,,,,
,270,9803546050,,55.272485,25.204633,,,,,
,271,10058480917,,55.275376,25.202464,,,,,
,272,3966148420,,55.274991,25.203269,,,,,
,273,1985199988,,55.273405,25.204184,,,,,
,274,1132292073,,55.272998,25.204758,,,,,
,275,1132292085,,55.273000,25.207516,,,,,
,276,1132287252,,55.272191,25.205055,,,,,
,277,1164318744,,55.272170,25.206262,,,,,
,278,1132292181,,55.272680,25.205404,,,,,
,279,1132299988,,55.273508,25.204825,,,,,
,280,2396987815,,55.277928,25.203797,,,,,
,281,3966148424,,55.275852,25.204122,,,,,
,282,3966148428,,55.275565,25.204231,,,,,
,283,7964712935,,55.275442,25.204287,,,,,
,284,5025758620,signal,55.275346,25.204333,,,,,
,285,3966148444,,55.274102,25.204936,,,,,
,286,1123405212,,55.270219,25.198966,,,,,
,287,5694825565,,55.271638,25.199298,,,,,
,288,1804775224,,55.272646,25.198329,,,,,
,289,1804775290,,55.272594,25.198346,,,,,
,290,1139530088,,55.272252,25.198632,,,,,
,291,1139530087,signal,55.272329,25.198534,,,,,
,292,1139530199,,55.265482,25.194762,,,,,
,293,1139530214,,55.265627,25.195030,,,,,
,294,1140037290,,55.285840,25.183056,,,,,
,295,1140037299,,55.282337,25.181421,,,,,
,296,548022445,,55.280008,25.193556,,,,,
,297,647981928,,55.280113,25.193393,,,,,
,298,4520675651,signal,55.279925,25.193683,,,,,
,299,1151484760,,55.279512,25.194356,,,,,
,300,1151485326,,55.277343,25.187989,,,,,
,301,1151485336,,55.277524,25.188113,,,,,
,302,3851764117,,55.277266,25.187991,,,,,
,303,1151485304,,55.277100,25.188112,,,,,
,304,799217257,,55.277104,25.188291,,,,,
,305,1151485283,,55.277344,25.188404,,,,,
,306,4911642668,,55.277529,25.188268,,,,,
,307,1151484700,,55.280212,25.193454,,,,,
,308,1151484705,,55.280111,25.193616,,,,,
,309,1151484818,,55.281334,25.192151,,,,,
,310,6008588817,,55.281122,25.191886,,,,,
,311,10050620708,,55.284778,25.194588,,,,,
,312,6008579357,,55.284709,25.194501,,,,,
,313,6008579369,,55.281426,25.192254,,,,,
,314,2556846665,,55.280410,25.191209,,,,,
,315,6008579368,,55.281637,25.192457,,,,,
,316,10050620696,,55.282830,25.193172,,,,,
,317,8768068856,signal,55.284901,25.194729,,,,,
,318,6008593681,signal,55.284984,25.194837,,,,,
,319,10044864015,,55.280414,25.190785,,,,,
,320,3852528671,,55.280969,25.190427,,,,,
Burj Views turning circle,321,4212587378,,55.281419,25.191297,,,,,
,322,1151486065,,55.277628,25.187802,,,,,
,323,10094538650,,55.277667,25.187735,,,,,
,324,1152457520,,55.279216,25.213981,,,,,
,325,1132269425,,55.275977,25.199581,,,,,
,326,1123416122,,55.273741,25.203056,,,,,
,327,1125093105,,55.274495,25.202744,,,,,
,328,1123416088,,55.271522,25.203319,,,,,
,329,1164318865,,55.269916,25.203001,,,,,
,330,1164318905,,55.272006,25.205049,,,,,
,331,1164318921,,55.269757,25.205664,,,,,
,332,1029418596,,55.268233,25.205882,,,,,
,333,3028102237,,55.269919,25.204778,,,,,
,334,1029418559,,55.258138,25.192427,,,,,
,335,1029418219,,55.257336,25.192363,,,,,
,336,3852409880,,55.259097,25.185211,,,,,
,337,2601551943,,55.261451,25.184133,,,,,
,338,4913269356,,55.279530,25.187383,,,,,
,339,5801769306,,55.279514,25.187568,,,,,
,340,10050862291,,55.276666,25.186298,,,,,
,341,10050862254,,55.277897,25.187209,,,,,
,342,10050862285,,55.276557,25.186874,,,,,
,343,1140037169,,55.281280,25.180765,,,,,
,344,1868747050,,55.278411,25.179057,,,,,
,345,647954787,,55.273731,25.175434,,,,,
,346,638353575,,55.280249,25.179910,,,,,
,347,9074620795,,55.268182,25.199916,,,,,
,348,5802374158,,55.270008,25.200449,,,,,
,349,9074620783,,55.267974,25.199632,,,,,
,350,7684936291,,55.266944,25.197962,,,,,
,351,5687187673,,55.269245,25.197235,,,,,
,352,4166868757,,55.266711,25.197771,,,,,
,353,4166868774,,55.266885,25.197757,,,,,
,354,4166868777,,55.266904,25.197767,,,,,
,355,4166868779,,55.266967,25.197907,,,,,
,356,1684966153,,55.266959,25.197935,,,,,
,357,2163709825,,55.284557,25.208131,,,,,
,358,3966148437,,55.283931,25.204477,,,,,
,359,3966148427,,55.283873,25.204142,,,,,
,360,10060937265,,55.283705,25.203141,,,,,
,361,1752986064,,55.267160,25.197769,,,,,
,362,5170200871,,55.272801,25.197064,,,,,
,363,1804775342,,55.272971,25.196794,,,,,
,364,10060244337,,55.272595,25.197437,,,,,
,365,1804775312,,55.272536,25.198063,,,,,
,366,10060572257,,55.273946,25.198037,,,,,
,367,1804775275,,55.274361,25.198383,,,,,
,368,1804775316,,55.274268,25.198382,,,,,
,369,10060572270,,55.274044,25.198274,,,,,
,370,1804775147,,55.273958,25.198129,,,,,
,371,11763353894,,55.272897,25.197183,,,,,
,372,10060244341,,55.272767,25.197975,,,,,
,373,10060244339,,55.273087,25.197119,,,,,
,374,1139530049,,55.272374,25.198334,,,,,
,375,1804775175,,55.272511,25.198130,,,,,
,376,647982444,,55.272157,25.198583,,,,,
,377,1804775222,,55.272780,25.198330,,,,,
,378,11763353898,,55.272735,25.198339,,,,,
,379,1804775168,,55.272898,25.198236,,,,,
,380,10060554403,,55.273954,25.198400,,,,,
,381,10060244377,,55.273859,25.198478,,,,,
,382,1139530106,,55.271866,25.198412,,,,,
,383,1804775336,,55.273226,25.198387,,,,,
,384,1139530146,,55.272603,25.198797,,,,,
,385,10060244322,,55.273696,25.196693,,,,,
,386,1844059075,,55.264831,25.185961,,,,,
,387,1844059145,,55.265278,25.186012,,,,,
,388,3482721240,,55.285479,25.183786,,,,,
,389,1844059120,,55.287169,25.185645,,,,,
,390,7489083580,,55.265588,25.186070,,,,,
,391,1844058780,,55.265163,25.186387,,,,,
,392,1844058872,,55.265388,25.186846,,,,,
,393,1684966075,,55.264680,25.186753,,,,,
,394,1868747061,,55.271144,25.181445,,,,,
,395,10002326439,,55.270933,25.181283,,,,,
,396,10002326438,,55.269118,25.180404,,,,,
,397,11876066903,,55.266282,25.180350,,,,,
,398,1844058754,,55.265725,25.180442,,,,,
,399,1844058824,,55.264443,25.186922,,,,,
,400,1684966079,,55.264471,25.187709,,,,,
,401,1844058958,,55.288000,25.191860,,,,,
,402,1844058752,,55.289087,25.191003,,,,,
,403,1844058817,,55.289549,25.190593,,,,,
,404,1844059122,,55.288078,25.191989,,,,,
,405,2605728180,,55.282634,25.186073,,,,,
,406,2605728191,,55.282096,25.185512,,,,,
,407,2556846549,,55.278360,25.184454,,,,,
,408,1861384431,,55.288848,25.194748,,,,,
,409,1861384204,,55.287481,25.193698,,,,,
,410,10060937244,,55.291088,25.201296,,,,,
,411,11921545049,,55.288351,25.201669,,,,,
,412,10060736607,,55.285366,25.202195,,,,,
,413,1844058634,,55.262745,25.185834,,,,,
,414,2538188984,,55.261698,25.180704,,,,,
,415,1844058624,,55.287237,25.185733,,,,,
,416,1844058786,,55.288830,25.187572,,,,,
,417,1861384221,,55.286557,25.193189,,,,,
,418,1861384139,,55.288994,25.194673,,,,,
,419,1684966081,,55.265393,25.188474,,,,,
,420,3852524795,,55.267373,25.189439,,,,,
,421,3852524793,,55.267748,25.189587,,,,,
,422,4768385698,,55.268419,25.189946,,,,,
,423,1844059195,,55.265415,25.186698,,,,,
,424,4768207862,,55.264495,25.186624,,,,,
,425,1844059159,,55.264684,25.185970,,,,,
,426,1684966100,,55.264256,25.187779,,,,,
,427,1844058733,,55.263259,25.187877,,,,,
,428,1844059157,,55.265026,25.186218,,,,,
,429,3852409884,,55.265786,25.185959,,,,,
,430,7590166133,,55.269992,25.200357,,,,,
,431,7590166139,,55.270136,25.200480,,,,,
,432,7590166125,,55.270201,25.200408,,,,,
,433,5802374159,,55.270141,25.200301,,,,,
,434,7590166129,,55.270108,25.200292,,,,,
,435,1868747054,,55.275277,25.178665,,,,,
,436,2600390671,,55.274247,25.179167,,,,,
,437,2600390586,,55.275284,25.178364,,,,,
,438,3284029029,,55.287532,25.196041,,,,,
,439,9007474564,,55.286419,25.196622,,,,,
,440,2153338198,,55.285530,25.197089,,,,,
,441,9007078451,,55.284803,25.197467,,,,,
,442,5025649008,signal,55.284235,25.197776,,,,,
,443,9007111776,,55.283984,25.197910,,,,,
,444,799217375,,55.274465,25.202224,,,,,
,445,2141205361,,55.260346,25.189851,,,,,
,446,2141205358,,55.260331,25.189563,,,,,
,447,2153338203,,55.283855,25.197738,,,,,
,448,2153338206,,55.283841,25.197886,,,,,
,449,5742241423,,55.284032,25.198105,,,,,
,450,2153338205,,55.283973,25.197752,,,,,
,451,10068275561,,55.283984,25.197670,,,,,
,452,2153338209,,55.283786,25.198016,,,,,
,453,1132269504,,55.283463,25.198196,,,,,
,454,10068208808,,55.284064,25.197727,,,,,
,455,6803033084,,55.283735,25.197896,,,,,
,456,2153338208,signal,55.283789,25.197886,,,,,
,457,3654761498,,55.269467,25.198248,,,,,
,458,3654761497,,55.269190,25.198146,,,,,
,459,2453269468,,55.262097,25.196701,,,,,
,460,2453269470,,55.268747,25.205400,,,,,
,461,2453269472,,55.267950,25.204186,,,,,
,462,1029418258,,55.268830,25.205354,,,,,
,463,2453269471,,55.267053,25.202891,,,,,
,464,9983022418,,55.268228,25.204267,,,,,
,465,2453269476,,55.268912,25.205342,,,,,
,466,9983022415,,55.268128,25.204120,,,,,
,467,2453269482,,55.269127,25.203632,,,,,
,468,7047441305,,55.268334,25.204113,,,,,
,469,2492096995,signal,55.264493,25.199348,,,,,
,470,3851764121,,55.276342,25.186013,,,,,
,471,1151485381,,55.277450,25.184941,,,,,
,472,647982630,,55.275875,25.186322,,,,,
,473,1684966091,,55.268429,25.190093,,,,,
,474,1684966098,,55.265372,25.188650,,,,,
,475,1739389250,,55.272595,25.192453,,,,,
,476,4882735117,,55.273098,25.192213,,,,,
,477,927226593,,55.271592,25.192208,,,,,
,478,927226583,,55.273986,25.190855,,,,,
,479,2500065406,,55.273926,25.190676,,,,,
,480,3851708629,,55.269294,25.190763,,,,,
,481,6841649523,,55.268402,25.191880,,,,,
,482,8996143737,,55.268023,25.192845,,,,,
,483,6532681374,,55.267966,25.193203,,,,,
,484,3851708621,,55.267869,25.193596,,,,,
,485,6008588816,,55.281255,25.191830,,,,,
,486,1151484944,,55.281476,25.192065,,,,,
,487,10044864005,,55.280346,25.191027,,,,,
,488,3852528673,,55.280195,25.190907,,,,,
,489,2556846672,,55.282539,25.191519,,,,,
,490,2556846670,,55.282662,25.191038,,,,,
,491,2556846580,,55.277901,25.185190,,,,,
,492,5801769298,,55.277690,25.185145,,,,,
,493,1861384162,,55.278441,25.184754,,,,,
,494,2556846539,,55.278106,25.184265,,,,,
,495,2556846542,,55.277673,25.184285,,,,,
,496,1844058972,,55.277408,25.184572,,,,,
,497,2556846576,,55.277595,25.185093,,,,,
,498,1844058819,,55.271584,25.187677,,,,,
,499,2556846618,,55.275795,25.186374,,,,,
,500,3851764139,,55.275547,25.186111,,,,,
,501,3852524843,,55.275234,25.185754,,,,,
,502,3851764122,,55.274909,25.185399,,,,,
,503,1866463057,,55.279014,25.184059,,,,,
,504,2556846531,,55.276690,25.184280,,,,,
,505,2556846593,,55.276499,25.186151,,,,,
,506,2556846621,,55.276205,25.186681,,,,,
,507,2601559285,,55.283808,25.190887,,,,,
,508,2601559286,,55.283969,25.190444,,,,,
,509,2556849909,,55.286530,25.192244,,,,,
,510,2605728197,,55.286337,25.192992,,,,,
,511,2556864364,,55.279452,25.186872,,,,,
,512,2556864359,,55.278698,25.186018,,,,,
,513,2556864367,,55.279935,25.187490,,,,,
مخرج 50 شمال,514,2579033378,,55.264217,25.195922,,,,,
,515,4781562504,,55.266476,25.198162,,,,,
,516,1844058986,,55.283357,25.182516,,,,,
,517,5742295474,,55.286724,25.185670,,,,,
,518,2600390535,,55.274644,25.178448,,,,,
,519,2600390708,,55.277269,25.181246,,,,,
,520,2600390667,,55.277566,25.180954,,,,,
,521,2600390574,,55.261438,25.191760,,,,,
,522,2601519977,,55.261476,25.191721,,,,,
,523,2600390619,,55.261534,25.191941,,,,,
,524,1752986043,,55.261450,25.191894,,,,,
,525,2601519966,,55.261677,25.191864,,,,,
,526,2600390682,,55.261600,25.191706,,,,,
,527,2600390679,,55.270712,25.176886,,,,,
,528,5818624656,,55.262584,25.193430,,,,,
,529,2600390585,,55.275193,25.179110,,,,,
,530,2600390688,,55.274668,25.179109,,,,,
,531,4886438495,,55.270658,25.177335,,,,,
,532,1844058626,,55.277929,25.181206,,,,,
,533,3852409879,,55.261751,25.183949,,,,,
,534,3852409883,,55.261964,25.183903,,,,,
,535,3852409882,,55.261980,25.184085,,,,,
,536,2601551934,,55.261808,25.184109,,,,,
,537,1844059101,,55.264195,25.185075,,,,,
,538,2601551942,,55.262250,25.184005,,,,,
,539,1866463052,,55.261825,25.180749,,,,,
,540,1844059128,,55.262879,25.185768,,,,,
,541,4764846037,,55.262943,25.179850,,,,,
,542,3203400210,,55.262850,25.179745,,,,,
,543,5815379454,,55.263532,25.179339,,,,,
,544,2594091834,,55.264026,25.179197,,,,,
,545,4912923802,,55.264193,25.179145,,,,,
,546,3203400208,,55.264506,25.179042,,,,,
,547,5796902947,,55.269620,25.177190,,,,,
,548,1844058731,,55.284113,25.190740,,,,,
,549,1844058953,,55.284260,25.190666,,,,,
,550,2601559289,,55.284326,25.190777,,,,,
,551,4088800999,,55.284179,25.190853,,,,,
,552,2605728206,,55.283727,25.191744,,,,,
,553,2605728196,,55.284962,25.192558,,,,,
,554,4771508121,,55.280491,25.187426,,,,,
,555,3853043447,,55.280035,25.186935,,,,,
,556,2605728198,,55.282927,25.190824,,,,,
,557,2605728202,,55.283615,25.190983,,,,,
,558,2605728203,,55.283737,25.191090,,,,,
,559,2605728207,,55.285814,25.192872,,,,,
,560,2605728214,,55.286046,25.192179,,,,,
,561,10017795089,,55.288029,25.192010,,,,,
,562,2659456532,,55.287987,25.192321,,,,,
,563,2659456542,,55.287691,25.192123,,,,,
,564,3852409929,,55.262375,25.188533,,,,,
,565,4768207833,signal,55.262107,25.188734,,,,,
,566,2141205349,,55.262023,25.188798,,,,,
,567,90101233,,55.266336,25.198342,,,,,
,568,95057679,,55.273266,25.208682,,,,,
,569,9838788951,,55.262065,25.193995,,,,,
,570,117764246,,55.259719,25.200211,,,,,
,571,117764256,,55.260893,25.199527,,,,,
,572,117763653,,55.261489,25.199171,,,,,
,573,117765571,,55.261938,25.198844,,,,,
,574,4924401931,,55.263017,25.198027,,,,,
,575,9075848782,,55.259153,25.200545,,,,,
,576,9075848766,,55.262377,25.200250,,,,,
,577,9976907424,,55.260163,25.196923,,,,,
,578,117765916,,55.260551,25.197361,,,,,
,579,3809746027,,55.261397,25.198256,,,,,
,580,9976907441,,55.260777,25.196436,,,,,
,581,117766338,,55.261901,25.197875,,,,,
,582,9976907350,,55.258821,25.197665,,,,,
,583,9976907362,,55.258260,25.198093,,,,,
,584,9976907423,,55.258899,25.197606,,,,,
,585,4924598176,,55.261052,25.195980,,,,,
,586,9976907440,,55.260650,25.196263,,,,,
,587,117766331,,55.260596,25.196303,,,,,
,588,9976907432,,55.260025,25.196737,,,,,
,589,9976907428,,55.259968,25.196778,,,,,
,590,9976907354,,55.258180,25.198154,,,,,
,591,9983480716,,55.257759,25.198472,,,,,
,592,10055770651,,55.269717,25.194482,,,,,
,593,647982047,signal,55.269838,25.193871,,,,,
,594,3852655215,,55.269687,25.194713,,,,,
,595,10042556739,,55.274201,25.190656,,,,,
,596,3852655243,,55.275512,25.190743,,,,,
,597,8996143719,,55.269872,25.193733,,,,,
,598,3852655214,,55.269902,25.193648,,,,,
,599,6005299342,,55.271108,25.191872,,,,,
,600,5038251888,signal,55.273730,25.190706,,,,,
,601,2500065404,,55.274023,25.190667,,,,,
,602,2556846669,,55.283304,25.191308,,,,,
,603,3809746026,,55.282950,25.191492,,,,,
,604,4773191054,signal,55.283416,25.191250,,,,,
,605,4886526380,,55.274099,25.190846,,,,,
,606,927226520,,55.273209,25.189709,,,,,
,607,6573331370,,55.273122,25.189599,,,,,
,608,4773398721,,55.272917,25.189289,,,,,
,609,4773398730,,55.288238,25.193833,,,,,
,610,5742159648,signal,55.289261,25.194743,,,,,
,611,2169442639,,55.289276,25.194874,,,,,
,612,3284029018,signal,55.289161,25.195018,,,,,
,613,3403246726,,55.287396,25.193821,,,,,
,614,3403246728,,55.286706,25.193533,,,,,
,615,10044791021,,55.286954,25.193458,,,,,
,616,10044779486,,55.285760,25.193262,,,,,
,617,3403246736,,55.283363,25.191974,,,,,
,618,3403246739,,55.282647,25.191644,,,,,
,619,3403983710,,55.286657,25.199569,,,,,
,620,3482737578,,55.281634,25.181773,,,,,
,621,5108078537,,55.269301,25.197830,,,,,
,622,8998092582,,55.263403,25.192403,,,,,
,623,3838904091,,55.261577,25.189936,,,,,
,624,8998092577,,55.263445,25.192446,,,,,
,625,3852524805,,55.265611,25.193819,,,,,
,626,10035986700,,55.265659,25.193847,,,,,
,627,3838904072,,55.265954,25.194079,,,,,
,628,3851764124,,55.275001,25.185337,,,,,
,629,3852524842,,55.275312,25.185682,,,,,
,630,3851764131,,55.275598,25.186011,,,,,
,631,4768385635,signal,55.275787,25.186228,,,,,
,632,3851764136,,55.275291,25.186666,,,,,
,633,3851764140,,55.276225,25.186861,,,,,
,634,3851764145,,55.275510,25.186780,,,,,
,635,3851764146,,55.272915,25.188414,,,,,
,636,3851764150,,55.272762,25.188878,,,,,
,637,3851764151,,55.272722,25.189031,,,,,
,638,3851764155,,55.272034,25.188948,,,,,
,639,3851764156,,55.272060,25.188743,,,,,
,640,3851764159,,55.272122,25.188285,,,,,
,641,3851764160,,55.272234,25.188228,,,,,
,642,3851764163,,55.272764,25.188278,,,,,
,643,3851764164,,55.272211,25.187249,,,,,
,644,3851764169,,55.271894,25.188025,,,,,
,645,3851764173,,55.271101,25.187922,,,,,
,646,3851764174,,55.268954,25.190339,,,,,
,647,3851764177,,55.269536,25.190337,,,,,
,648,3851764178,,55.268772,25.191104,,,,,
,649,3851764181,,55.268850,25.190398,,,,,
,650,3851764186,,55.267340,25.195144,,,,,
,651,3851764189,,55.266725,25.194864,,,,,
,652,3851764190,,55.266737,25.193826,,,,,
,653,3851764194,,55.267509,25.193923,,,,,
,654,3851764195,,55.266485,25.194798,,,,,
,655,3851764198,,55.266546,25.194259,,,,,
,656,3851708619,,55.267792,25.193881,,,,,
,657,3851764201,,55.267466,25.194646,,,,,
,658,3852409901,,55.259003,25.185532,,,,,
,659,3852409904,,55.258731,25.185223,,,,,
,660,3852409905,,55.263494,25.186679,,,,,
,661,3852409909,,55.264252,25.186804,,,,,
,662,3852409910,,55.263247,25.187585,,,,,
,663,3852409914,,55.263461,25.186913,,,,,
,664,3852409915,,55.261655,25.188392,,,,,
,665,3852409918,,55.262210,25.188344,,,,,
,666,3852409919,,55.260993,25.189332,,,,,
,667,3852409923,,55.261278,25.188596,,,,,
,668,3852409924,,55.262056,25.189456,,,,,
,669,3852409928,,55.261435,25.189253,,,,,
,670,3852409933,,55.262271,25.189083,,,,,
,671,3852409936,,55.258809,25.186193,,,,,
,672,3852409934,,55.258848,25.185919,,,,,
,673,3852409938,,55.259105,25.186201,,,,,
,674,3852409942,,55.258412,25.186818,,,,,
,675,9076635605,,55.259847,25.187899,,,,,
,676,3852409955,,55.260981,25.188256,,,,,
,677,3852409950,,55.260297,25.188103,,,,,
,678,1844059176,,55.265068,25.186467,,,,,
,679,1844059098,,55.264927,25.186300,,,,,
,680,3851764130,,55.271565,25.187511,,,,,
,681,4770914989,,55.273917,25.185893,,,,,
,682,3851764129,,55.271484,25.187562,,,,,
,683,3852524777,,55.267633,25.189363,,,,,
,684,3852524778,,55.267863,25.188453,,,,,
,685,3852524786,,55.268115,25.188323,,,,,
,686,3852524788,,55.267732,25.188235,,,,,
,687,8998092583,,55.263593,25.192296,,,,,
,688,3852524796,,55.264085,25.191919,,,,,
,689,3852524798,,55.264325,25.191884,,,,,
,690,3838904516,,55.264134,25.191666,,,,,
,691,3852524803,,55.265936,25.194432,,,,,
,692,3852524806,,55.265781,25.193668,,,,,
,693,3852524808,,55.265797,25.193442,,,,,
,694,3852524810,,55.266012,25.193677,,,,,
,695,2556846598,,55.278383,25.185695,,,,,
,696,3852524838,,55.275419,25.185064,,,,,
,697,3852524847,,55.274455,25.185714,,,,,
,698,1223601865,,55.279162,25.188021,,,,,
,699,3852528666,,55.279236,25.187739,,,,,
,700,1223601707,,55.278976,25.187868,,,,,
,701,3852655225,,55.270617,25.197265,,,,,
,702,10907546614,,55.271392,25.196551,,,,,
,703,10907546613,,55.271567,25.196549,,,,,
,704,5801987496,,55.270937,25.197665,,,,,
,705,3965923074,,55.277974,25.204023,,,,,
,706,1132287263,signal,55.275496,25.203976,,,,,
,707,4884482999,,55.274580,25.204845,,,,,
مخرج 48 شمال,708,4892513336,,55.257527,25.188645,,,,,
,709,4688539659,,55.260384,25.191772,,,,,
,710,12039430034,,55.274030,25.179618,,,,,
,711,4886438469,,55.273843,25.180682,,,,,
,712,4886438465,,55.273617,25.180959,,,,,
,713,4117303729,,55.272257,25.180967,,,,,
,714,4117303734,,55.272760,25.179582,,,,,
,715,4117303737,,55.273806,25.179486,,,,,
,716,4117303738,,55.272065,25.180834,,,,,
,717,4117303740,,55.272441,25.179842,,,,,
,718,4141321001,,55.273102,25.189381,,,,,
,719,4886526388,,55.273292,25.189610,,,,,
,720,4773398723,signal,55.273986,25.190538,,,,,
,721,3851708618,,55.272568,25.188624,,,,,
,722,9006908643,,55.277562,25.201085,,,,,
,723,8871912824,,55.277654,25.201255,,,,,
,724,1125079451,,55.276767,25.201511,,,,,
,725,4731557211,signal,55.277158,25.201300,,,,,
,726,4731557212,,55.277266,25.201463,,,,,
,727,3852655203,,55.279506,25.193089,,,,,
,728,4520675654,signal,55.279979,25.193315,,,,,
,729,4520675661,signal,55.280242,25.193697,,,,,
,730,6214856232,,55.280750,25.194048,,,,,
,731,665267155,,55.281105,25.194361,,,,,
سالك الصفا,732,1061530398,,55.261914,25.193830,,,,,
,733,1029418148,,55.257570,25.189146,,,,,
,734,9968019039,,55.257284,25.188838,,,,,
,735,10050674974,,55.285773,25.194285,,,,,
,736,8768068904,,55.285378,25.194587,,,,,
,737,6522193338,signal,55.285103,25.194760,,,,,
,738,10050674924,,55.284429,25.193985,,,,,
,739,8768068910,,55.284837,25.194446,,,,,
,740,8768068903,signal,55.285019,25.194660,,,,,
,741,10050674939,,55.285063,25.194712,,,,,
,742,6008579370,,55.281847,25.192419,,,,,
,743,1151484677,,55.281578,25.192168,,,,,
,744,6532681379,,55.268875,25.193693,,,,,
,745,10055770654,,55.269491,25.194600,,,,,
,746,10056141170,,55.269011,25.193632,,,,,
,747,4924491208,signal,55.260991,25.201314,,,,,
,748,2533268015,signal,55.261045,25.201396,,,,,
,749,9983013075,,55.262190,25.203352,,,,,
,750,4889193204,signal,55.262105,25.203219,,,,,
,751,4924539062,signal,55.262036,25.203123,,,,,
,752,9983013070,,55.261957,25.203003,,,,,
,753,4768207884,signal,55.263619,25.187296,,,,,
,754,1684966072,,55.263732,25.187208,,,,,
,755,4688539653,,55.260154,25.190176,,,,,
,756,4688539666,,55.260097,25.190602,,,,,
,757,4688539669,,55.259779,25.190620,,,,,
,758,4688539658,,55.260011,25.191145,,,,,
,759,4688539662,,55.258784,25.189844,,,,,
,760,10754671580,,55.260188,25.190700,,,,,
,761,939463715,,55.261231,25.191749,,,,,
,762,10026655909,,55.261869,25.192630,,,,,
,763,4886526379,,55.265234,25.194900,,,,,
,764,10026655899,,55.266273,25.196018,,,,,
,765,1684966068,,55.266736,25.197478,,,,,
,766,10026655892,,55.266231,25.195962,,,,,
,767,2556846635,,55.265939,25.195633,,,,,
,768,9028951792,,55.265792,25.195472,,,,,
,769,3851764184,,55.265760,25.195437,,,,,
,770,8996143758,,55.265567,25.195225,,,,,
,771,3852524804,,55.265326,25.194976,,,,,
,772,5998828343,,55.281283,25.176687,,,,,
,773,12039750776,,55.284219,25.174042,,,,,
,774,12039750818,,55.285222,25.167037,,,,,
,775,11871761619,,55.272414,25.164723,,,,,
,776,5998828324,,55.273006,25.172136,,,,,
,777,8768067563,,55.275688,25.202096,,,,,
,778,1015938658,,55.271568,25.172403,,,,,
,779,640031613,,55.268510,25.169142,,,,,
,780,5939595575,,55.258137,25.174220,,,,,
,781,5796503228,,55.265738,25.170087,,,,,
,782,4762807709,,55.259348,25.173559,,,,,
,783,5813148201,,55.257635,25.174555,,,,,
,784,5694807566,,55.257700,25.174671,,,,,
,785,4762854456,,55.264543,25.180681,,,,,
,786,4762854465,,55.263514,25.180836,,,,,
,787,1844058663,,55.264719,25.180237,,,,,
,788,4764727049,,55.274429,25.179309,,,,,
,789,4117303716,,55.274297,25.179420,,,,,
,790,5799843192,,55.272399,25.179188,,,,,
,791,4764727050,,55.272236,25.179003,,,,,
,792,4764727051,,55.271930,25.180947,,,,,
,793,4764727057,,55.271001,25.181127,,,,,
,794,4764727063,,55.272018,25.181144,,,,,
,795,4764846027,signal,55.271563,25.181480,,,,,
,796,1868747060,,55.271491,25.181526,,,,,
,797,4764727058,,55.271874,25.181917,,,,,
,798,1861384191,,55.274279,25.181068,,,,,
,799,4764727075,,55.274651,25.181399,,,,,
,800,4764727070,,55.275530,25.181663,,,,,
,801,1861384128,,55.273997,25.181302,,,,,
,802,4117303723,,55.273723,25.181055,,,,,
,803,3301114439,,55.274319,25.181594,,,,,
,804,9977275865,,55.271245,25.181537,,,,,
,805,4764846028,signal,55.271482,25.181742,,,,,
,806,1844058976,,55.271907,25.182179,,,,,
,807,1861384198,,55.275091,25.181994,,,,,
,808,1844058580,,55.274893,25.182086,,,,,
,809,9977275860,,55.275452,25.181852,,,,,
,810,6574912617,,55.275181,25.181959,,,,,
,811,4764846022,,55.277423,25.181379,,,,,
,812,5796946448,,55.279827,25.181470,,,,,
,813,9983514330,,55.277862,25.181343,,,,,
,814,1844059153,,55.284651,25.183534,,,,,
,815,5796948454,,55.282969,25.182495,,,,,
,816,4764846023,,55.282339,25.182031,,,,,
,817,4764846024,,55.276316,25.181425,,,,,
,818,9977275859,,55.274572,25.182064,,,,,
,819,6574912618,,55.274757,25.181972,,,,,
,820,4764727100,,55.274243,25.182226,,,,,
,821,1844058956,,55.272541,25.182407,,,,,
,822,4764846029,,55.271606,25.181641,,,,,
,823,9079224678,,55.271370,25.181563,,,,,
,824,1868747059,,55.271375,25.181427,,,,,
,825,8645826586,signal,55.271243,25.181321,,,,,
,826,4764846038,,55.264541,25.179872,,,,,
,827,5815377251,,55.264007,25.179332,,,,,
,828,1844058718,,55.264102,25.179384,,,,,
,829,1844059084,,55.264027,25.179404,,,,,
,830,1844058604,,55.264222,25.179675,,,,,
,831,7744704551,signal,55.264120,25.179541,,,,,
,832,4886335103,,55.263515,25.179555,,,,,
,833,5815886712,,55.262586,25.179904,,,,,
,834,4764846044,,55.265566,25.178666,,,,,
,835,2538188990,,55.265247,25.178870,,,,,
,836,1861384424,,55.270479,25.177746,,,,,
,837,640031606,,55.267859,25.169480,,,,,
,838,4768207835,signal,55.261775,25.189149,,,,,
,839,2141205354,,55.261688,25.189054,,,,,
,840,1684966147,,55.263774,25.191240,,,,,
,841,10015359617,,55.262300,25.189712,,,,,
,842,4768205420,,55.260530,25.187203,,,,,
,843,10015320392,,55.261317,25.188065,,,,,
,844,4768207830,signal,55.261784,25.188522,,,,,
,845,2141205348,,55.261868,25.188618,,,,,
,846,10015470461,,55.260245,25.186824,,,,,
,847,5800484485,,55.260270,25.187449,,,,,
,848,9076635580,,55.259856,25.187024,,,,,
,849,2141205351,,55.261528,25.188879,,,,,
,850,4768207822,,55.260630,25.189632,,,,,
,851,10015359629,,55.260777,25.189511,,,,,
,852,2600390654,,55.260493,25.189949,,,,,
,853,4768207825,,55.262846,25.187879,,,,,
,854,4768207826,,55.262977,25.188097,,,,,
,855,1684966077,,55.263870,25.187358,,,,,
,856,1684966073,,55.263865,25.187105,,,,,
,857,4768207837,signal,55.261440,25.188947,,,,,
,858,4768207880,signal,55.264154,25.187142,,,,,
,859,1684966076,,55.264011,25.187251,,,,,
,860,4768207882,signal,55.263977,25.187475,,,,,
,861,2601519970,,55.263049,25.186355,,,,,
,862,4768207864,signal,55.263772,25.187013,,,,,
,863,12039442374,,55.281191,25.180104,,,,,
,864,638356125,,55.287109,25.184116,,,,,
,865,4768376203,signal,55.269472,25.190613,,,,,
,866,3851708630,,55.269378,25.190688,,,,,
,867,5801901656,,55.270284,25.190027,,,,,
,868,7943128979,,55.270766,25.189737,,,,,
,869,4089210695,,55.272464,25.188688,,,,,
,870,4768376191,,55.273764,25.187873,,,,,
,871,4768376214,signal,55.272688,25.188552,,,,,
,872,2556846623,,55.275920,25.186514,,,,,
,873,3851764125,,55.276007,25.186463,,,,,
,874,4768385637,signal,55.276111,25.186401,,,,,
,875,10033268697,,55.276646,25.186034,,,,,
,876,2556846600,,55.277183,25.185521,,,,,
,877,4768385648,,55.274382,25.187243,,,,,
,878,927226529,,55.272456,25.188484,,,,,
,879,4768385633,signal,55.275681,25.186444,,,,,
,880,4768385649,,55.271038,25.189357,,,,,
,881,4768385621,signal,55.272253,25.188612,,,,,
,882,604988657,,55.272354,25.188548,,,,,
,883,3851708605,,55.269240,25.190576,,,,,
,884,3851708604,signal,55.269162,25.190652,,,,,
,885,5801901654,,55.268208,25.191968,,,,,
,886,2499928354,,55.267149,25.194279,,,,,
,887,4768376205,signal,55.269150,25.190501,,,,,
,888,4768385922,,55.265692,25.191767,,,,,
,889,4768385926,,55.264646,25.191556,,,,,
,890,4768385714,,55.265037,25.191855,,,,,
,891,4768385930,signal,55.267366,25.194347,,,,,
,892,3851764183,,55.267274,25.194424,,,,,
,893,2141205374,,55.266808,25.194553,,,,,
,894,4768385927,,55.266154,25.195062,,,,,
,895,4768385935,signal,55.266741,25.194606,,,,,
,896,2141205379,,55.266935,25.194700,,,,,
,897,8996143751,,55.266041,25.195383,,,,,
,898,4768385928,,55.267567,25.195398,,,,,
,899,4768385938,signal,55.266999,25.194773,,,,,
,900,4768385929,,55.266515,25.193613,,,,,
,901,4768385932,signal,55.267086,25.194205,,,,,
,902,4768207834,,55.262097,25.188882,,,,,
,903,8996143673,,55.264077,25.191017,,,,,
,904,6553283037,,55.263541,25.190463,,,,,
,905,6553283033,,55.262433,25.189259,,,,,
,906,1866463068,,55.265525,25.186996,,,,,
,907,1844059010,,55.266069,25.187458,,,,,
,908,4770914988,,55.272763,25.186874,,,,,
,909,1866463062,,55.276427,25.184553,,,,,
,910,3851764120,,55.274794,25.185268,,,,,
,911,3851764123,,55.274883,25.185203,,,,,
,912,4771475442,,55.282971,25.186536,,,,,
,913,2601559288,,55.284439,25.191214,,,,,
,914,1844059030,,55.283674,25.188452,,,,,
,915,10017762986,,55.283279,25.187081,,,,,
,916,2601559287,,55.283768,25.191073,,,,,
,917,1844058789,,55.284973,25.191716,,,,,
,918,10018111693,,55.283962,25.189575,,,,,
,919,3852524824,,55.279650,25.184157,,,,,
,920,10020669418,,55.281350,25.184805,,,,,
,921,10018111696,,55.283339,25.186851,,,,,
,922,4876696156,,55.284620,25.191189,,,,,
,923,1844058698,,55.285288,25.191718,,,,,
,924,4771507820,,55.280169,25.187121,,,,,
,925,4771507817,,55.281401,25.188819,,,,,
,926,2556846645,,55.281559,25.189559,,,,,
,927,4773191074,,55.280140,25.187547,,,,,
,928,4773191085,,55.283171,25.191543,,,,,
,929,4773191080,,55.282047,25.190355,,,,,
,930,4768376218,signal,55.272542,25.188796,,,,,
,931,4768385625,signal,55.272377,25.188384,,,,,
,932,4773398727,,55.276496,25.187212,,,,,
,933,4768385639,signal,55.276016,25.186621,,,,,
,934,3284029021,,55.288242,25.194388,,,,,
,935,3284029019,,55.288700,25.194817,,,,,
,936,5025649007,signal,55.288938,25.195038,,,,,
,937,3403246735,,55.285521,25.193199,,,,,
,938,3403246732,,55.283651,25.192230,,,,,
,939,3809746025,,55.282854,25.191359,,,,,
,940,4773191062,signal,55.283010,25.191566,,,,,
,941,4773398728,,55.281877,25.189985,,,,,
,942,4773191077,,55.280888,25.188792,,,,,
,943,4773398729,,55.280263,25.187943,,,,,
,944,5796904557,,55.271141,25.178270,,,,,
,945,1861384410,,55.280974,25.188617,,,,,
,946,3403246733,,55.286771,25.193392,,,,,
,947,1861384193,,55.281053,25.188573,,,,,
,948,4771507812,,55.282609,25.190396,,,,,
,949,4773191056,signal,55.283151,25.191121,,,,,
,950,2605728179,,55.283206,25.191188,,,,,
,951,4771508122,,55.280215,25.187451,,,,,
,952,4771507811,,55.282030,25.189454,,,,,
,953,4771507802,,55.283759,25.190910,,,,,
,954,2556846677,,55.282236,25.191671,,,,,
,955,6008588812,,55.281789,25.191900,,,,,
,956,4773191059,signal,55.282738,25.191415,,,,,
,957,2556846683,,55.281934,25.191987,,,,,
,958,6816180116,,55.280941,25.199733,,,,,
,959,5802261055,,55.287655,25.196200,,,,,
,960,6446315124,,55.290257,25.194855,,,,,
,961,1103158382,,55.269896,25.205401,,,,,
,962,1125079549,,55.276739,25.201228,,,,,
,963,6061376471,,55.277397,25.200887,,,,,
,964,584664752,,55.275624,25.201960,,,,,
,965,4775546907,,55.288112,25.195304,,,,,
,966,4775546908,,55.283308,25.197894,,,,,
,967,5802261056,,55.284253,25.197385,,,,,
,968,2465617659,,55.279880,25.199712,,,,,
,969,9929524042,,55.282596,25.180117,,,,,
,970,4781562503,,55.267879,25.200034,,,,,
,971,2579033383,,55.267035,25.198877,,,,,
,972,3068740687,,55.268713,25.200903,,,,,
,973,1103158341,,55.269511,25.203827,,,,,
,974,1132287250,,55.272877,25.204436,,,,,
,975,4781634939,,55.278799,25.205355,,,,,
,976,4781634940,,55.278979,25.205343,,,,,
,977,4781634941,,55.278652,25.202904,,,,,
,978,4911651281,,55.278802,25.203927,,,,,
,979,1125079640,,55.277803,25.201838,,,,,
,980,8768067547,,55.277977,25.202116,,,,,
,981,4781634942,,55.275144,25.202871,,,,,
,982,1132300040,,55.274066,25.205667,,,,,
,983,3966149966,,55.274510,25.206498,,,,,
,984,4882735083,,55.274708,25.192339,,,,,
,985,4882735075,,55.273785,25.191893,,,,,
,986,4882742442,,55.274698,25.192451,,,,,
,987,4882742431,,55.274787,25.192327,,,,,
,988,4884459093,signal,55.263490,25.205077,,,,,
,989,4884459092,,55.264148,25.204714,,,,,
,990,4587216874,signal,55.263338,25.205157,,,,,
,991,6557984477,,55.263330,25.203013,,,,,
,992,4884459085,,55.263029,25.202704,,,,,
,993,9983022389,,55.262164,25.201205,,,,,
,994,6498100868,,55.262553,25.201803,,,,,
,995,9983022388,,55.262958,25.202426,,,,,
,996,117761070,,55.262028,25.200831,,,,,
,997,1029419827,,55.264714,25.204842,,,,,
,998,4884459101,,55.265757,25.206665,,,,,
,999,4884459095,,55.264177,25.204799,,,,,
,1000,4884459094,signal,55.263566,25.205183,,,,,
,1001,12039442382,,55.274902,25.175773,,,,,
,1002,95044573,,55.272488,25.173660,,,,,
,1003,1139983113,,55.262941,25.162945,,,,,
,1004,4885919489,,55.262391,25.205512,,,,,
,1005,9983266796,,55.261269,25.203814,,,,,
,1006,4924539061,,55.261129,25.203607,,,,,
,1007,4885919488,,55.260227,25.202293,,,,,
,1008,9983266792,,55.261155,25.203644,,,,,
,1009,4886438459,,55.273002,25.180402,,,,,
,1010,4886438458,,55.272831,25.180242,,,,,
,1011,4886438473,,55.273297,25.180161,,,,,
,1012,4886438474,,55.273149,25.179995,,,,,
,1013,4117303722,,55.273967,25.180792,,,,,
,1014,4886526377,,55.265426,25.194806,,,,,
,1015,117758221,,55.255639,25.203374,,,,,
,1016,9983266798,,55.261322,25.203648,,,,,
,1017,4889197541,signal,55.262216,25.203150,,,,,
,1018,4889201434,,55.263380,25.202528,,,,,
,1019,6557984472,,55.263497,25.202925,,,,,
سالك الصفا,1020,1151486380,,55.261995,25.193503,,,,,
,1021,4781562497,,55.274132,25.209491,,,,,
,1022,9007531051,,55.286842,25.183377,,,,,
,1023,6816195091,,55.289987,25.187442,,,,,
,1024,1855585842,,55.292585,25.190785,,,,,
,1025,4911503120,,55.291406,25.189658,,,,,
,1026,2141205346,,55.258310,25.188376,,,,,
,1027,10015320384,,55.261756,25.188705,,,,,
,1028,10015320410,,55.261842,25.188937,,,,,
,1029,10015320396,,55.261955,25.188718,,,,,
,1030,10015359621,,55.261605,25.188963,,,,,
,1031,10033268571,,55.269306,25.190630,,,,,
,1032,10060736653,,55.279129,25.203454,,,,,
,1033,10060736623,,55.279151,25.203570,,,,,
,1034,10060736635,,55.283787,25.202848,,,,,
,1035,265714781,,55.283476,25.202932,,,,,
,1036,5742241425,,55.281657,25.203231,,,,,
,1037,10722966423,,55.281361,25.203271,,,,,
,1038,9983514381,,55.285340,25.184210,,,,,
,1039,9983514385,,55.285882,25.184855,,,,,
,1040,9983514379,,55.286309,25.185553,,,,,
,1041,9983514435,,55.286420,25.185737,,,,,
,1042,1844058652,,55.288768,25.187745,,,,,
,1043,9983514439,,55.287590,25.187007,,,,,
,1044,9983514461,,55.287992,25.187163,,,,,
,1045,1844058858,,55.286709,25.185993,,,,,
,1046,4912982998,,55.276174,25.189617,,,,,
,1047,3852655242,,55.275709,25.190787,,,,,
,1048,4912982999,,55.276193,25.189390,,,,,
,1049,4912983010,,55.276314,25.189472,,,,,
,1050,4912983011,,55.276319,25.189505,,,,,
,1051,4912983008,,55.276142,25.189400,,,,,
,1052,4912983005,,55.276069,25.189522,,,,,
,1053,4912983000,,55.276086,25.189564,,,,,
,1054,4912983014,,55.276257,25.189602,,,,,
,1055,10056094837,,55.275321,25.188959,,,,,
,1056,7557963108,,55.275358,25.188857,,,,,
,1057,4912983222,,55.276601,25.189744,,,,,
,1058,5802267457,,55.277557,25.200903,,,,,
,1059,1844059112,,55.285783,25.184560,,,,,
,1060,10055974520,,55.282424,25.195613,,,,,
,1061,10009790312,,55.270055,25.193778,,,,,
,1062,5038251889,signal,55.274282,25.190836,,,,,
,1063,647982416,,55.271344,25.191905,,,,,
,1064,6005299339,,55.271135,25.192094,,,,,
,1065,3852655228,,55.270087,25.193696,,,,,
,1066,7047271480,,55.273724,25.199104,,,,,
,1067,10060244318,signal,55.272086,25.198542,,,,,
,1068,10010115470,signal,55.274020,25.190994,,,,,
,1069,1739389244,,55.274105,25.191364,,,,,
,1070,261249623,,55.194998,25.054894,,,,,
,1071,1140037410,,55.293592,25.183337,,,,,
,1072,4924820997,,55.265668,25.200867,,,,,
,1073,7140130315,,55.265802,25.201051,,,,,
,1074,7140130314,,55.265882,25.201162,,,,,
,1075,9976571839,,55.266147,25.201526,,,,,
,1076,9976571870,,55.266821,25.202555,,,,,
,1077,9983022369,,55.263575,25.199934,,,,,
,1078,9983022375,,55.263855,25.199770,,,,,
,1079,4924401932,,55.263291,25.197975,,,,,
,1080,2751608386,,55.255409,25.204467,,,,,
,1081,9079687041,,55.255819,25.204295,,,,,
,1082,4924498014,,55.259622,25.202050,,,,,
,1083,9079687040,,55.258082,25.202981,,,,,
,1084,4924491207,,55.261820,25.200823,,,,,
,1085,9976537404,,55.260942,25.201646,,,,,
,1086,4924491215,,55.260565,25.201656,,,,,
,1087,2533268016,signal,55.260935,25.201452,,,,,
,1088,4924491209,signal,55.260888,25.201375,,,,,
,1089,4924491216,,55.261444,25.201186,,,,,
,1090,4924494022,,55.261286,25.201725,,,,,
,1091,9983275719,,55.263401,25.204943,,,,,
,1092,9983266814,,55.263649,25.205299,,,,,
,1093,9075848758,,55.262594,25.200362,,,,,
,1094,1029419467,,55.264322,25.199140,,,,,
,1095,9075848765,,55.262372,25.200495,,,,,
,1096,1164318987,,55.268628,25.205407,,,,,
,1097,4924598177,,55.261364,25.195914,,,,,
,1098,2142799440,,55.258392,25.190236,,,,,
,1099,9983013114,,55.264922,25.201695,,,,,
,1100,9976571829,,55.265696,25.201263,,,,,
,1101,4924820991,,55.265582,25.201175,,,,,
,1102,9983022363,,55.265000,25.201512,,,,,
,1103,9983022358,,55.264735,25.201656,,,,,
,1104,9983022386,,55.263163,25.202494,,,,,
,1105,9983022381,,55.262960,25.202607,,,,,
,1106,4924539063,signal,55.262146,25.203056,,,,,
,1107,3966148430,,55.276155,25.204238,,,,,
,1108,5802438437,,55.275914,25.204516,,,,,
,1109,3966149962,,55.276194,25.206444,,,,,
,1110,3966148432,,55.275565,25.204292,,,,,
,1111,3966148436,,55.275529,25.204384,,,,,
,1112,1866493640,signal,55.270804,25.200254,,,,,
,1113,6005205016,,55.268242,25.196232,,,,,
,1114,5796904556,,55.271239,25.178197,,,,,
,1115,5240449586,,55.267663,25.175915,,,,,
,1116,5240449564,,55.269819,25.176768,,,,,
,1117,5253541734,,55.269158,25.177003,,,,,
,1118,5240449620,,55.267486,25.176025,,,,,
,1119,5797062092,,55.270257,25.176998,,,,,
,1120,5799673101,,55.269698,25.177158,,,,,
,1121,6928600005,,55.262444,25.168639,,,,,
,1122,5240449531,,55.266691,25.173263,,,,,
,1123,5240449624,,55.266781,25.173898,,,,,
,1124,6928600006,,55.262370,25.168691,,,,,
,1125,5240530529,,55.260746,25.181027,,,,,
,1126,5687187677,,55.259008,25.182206,,,,,
,1127,1050179906,,55.257269,25.175245,,,,,
,1128,9972268911,,55.261102,25.179255,,,,,
,1129,5796736371,,55.268365,25.167356,,,,,
,1130,9897124907,,55.270863,25.171328,,,,,
,1131,5682784859,,55.281050,25.192349,,,,,
,1132,4520675657,signal,55.280284,25.193344,,,,,
,1133,6008588822,,55.281140,25.192454,,,,,
,1134,10050620686,,55.281510,25.192204,,,,,
,1135,5687275564,,55.264942,25.192109,,,,,
,1136,5687196985,,55.266317,25.193593,,,,,
,1137,5687187670,,55.262104,25.189099,,,,,
,1138,5687187674,,55.261540,25.188535,,,,,
,1139,5687187675,,55.259569,25.186307,,,,,
,1140,5687187667,,55.258901,25.185588,,,,,
,1141,5687187672,,55.267845,25.195282,,,,,
,1142,5687256362,,55.267742,25.195354,,,,,
,1143,5796493430,,55.259223,25.177240,,,,,
,1144,5813148187,,55.257360,25.175772,,,,,
,1145,5687256378,,55.260943,25.180353,,,,,
,1146,5687256374,,55.258927,25.182099,,,,,
,1147,5687256367,,55.258783,25.185674,,,,,
,1148,5800484486,,55.259467,25.186396,,,,,
,1149,5687256366,,55.261460,25.188599,,,,,
,1150,5687256364,,55.262061,25.189200,,,,,
,1151,5687256363,,55.266213,25.193670,,,,,
,1152,8996143675,,55.264829,25.192196,,,,,
,1153,5813153356,,55.259570,25.173578,,,,,
,1154,5813148193,,55.257760,25.174907,,,,,
,1155,5711442509,,55.260405,25.173005,,,,,
,1156,5694813717,,55.261921,25.180155,,,,,
,1157,1015938660,,55.269822,25.169743,,,,,
,1158,5742295454,,55.291167,25.198922,,,,,
,1159,5240449547,,55.268391,25.170742,,,,,
,1160,5799354381,,55.264410,25.171257,,,,,
,1161,4775546878,,55.283606,25.197660,,,,,
,1162,4775546892,,55.281916,25.198236,,,,,
,1163,10058178751,,55.271467,25.201497,,,,,
,1164,5802374165,,55.270961,25.200631,,,,,
,1165,10068645029,signal,55.270866,25.200295,,,,,
,1166,5804657955,,55.257370,25.204165,,,,,
,1167,4924598186,,55.261162,25.195696,,,,,
,1168,9790494131,,55.266393,25.199733,,,,,
,1169,5808606197,,55.261228,25.192450,,,,,
,1170,5694807557,,55.260083,25.173586,,,,,
,1171,5815379459,,55.263497,25.179101,,,,,
,1172,7485915886,,55.259619,25.181994,,,,,
,1173,5815869763,,55.258630,25.182581,,,,,
,1174,5815379466,,55.257610,25.183066,,,,,
,1175,5815869768,,55.258455,25.182287,,,,,
,1176,5815909854,,55.257469,25.175652,,,,,
,1177,1752986062,,55.267661,25.197452,,,,,
,1178,5939595577,,55.260098,25.172740,,,,,
,1179,5815909860,,55.257453,25.174673,,,,,
,1180,5998828305,,55.281111,25.176804,,,,,
,1181,12039750855,,55.281089,25.176615,,,,,
,1182,5998828288,,55.280505,25.176872,,,,,
,1183,12039750850,,55.280733,25.176718,,,,,
,1184,12039750851,,55.280810,25.176869,,,,,
,1185,5998828298,,55.276322,25.175162,,,,,
,1186,9863626095,,55.278138,25.176632,,,,,
,1187,5998828297,,55.275877,25.174956,,,,,
,1188,5998828313,,55.275988,25.174808,,,,,
,1189,5998828307,,55.280783,25.176845,,,,,
,1190,5998828300,,55.280802,25.176589,,,,,
,1191,5998828301,,55.280979,25.176551,,,,,
,1192,5998828317,,55.275513,25.174527,,,,,
,1193,5998828316,,55.275735,25.174629,,,,,
,1194,5998828308,,55.275610,25.174739,,,,,
,1195,9863626122,,55.275913,25.174658,,,,,
,1196,5998828314,,55.275602,25.174768,,,,,
,1197,5998876254,,55.273047,25.172191,,,,,
,1198,5998875246,,55.279031,25.176251,,,,,
,1199,5998876234,,55.279233,25.174225,,,,,
,1200,5998875252,,55.277791,25.175528,,,,,
,1201,5998875247,,55.278260,25.174120,,,,,
,1202,5998876231,,55.280195,25.174339,,,,,
,1203,5998876204,,55.276782,25.174598,,,,,
,1204,5998876219,,55.275095,25.171742,,,,,
,1205,5998875282,,55.281484,25.174219,,,,,
,1206,9849821419,,55.283181,25.173242,,,,,
,1207,6028141628,,55.281140,25.174230,,,,,
,1208,9850584549,,55.280791,25.175170,,,,,
,1209,9850584557,,55.280796,25.174852,,,,,
,1210,9850584544,,55.280791,25.175206,,,,,
,1211,9850584569,,55.280764,25.174378,,,,,
,1212,5998875284,,55.280874,25.174379,,,,,
,1213,9850584539,,55.280895,25.175210,,,,,
,1214,5998876238,,55.277715,25.173939,,,,,
,1215,5998876192,,55.278212,25.172838,,,,,
,1216,5998876222,,55.280926,25.174342,,,,,
,1217,5998876202,,55.277370,25.173734,,,,,
,1218,5998876230,,55.280503,25.174312,,,,,
,1219,5998876221,,55.280696,25.174226,,,,,
,1220,5998876220,,55.280712,25.174338,,,,,
,1221,5998876229,,55.280838,25.174389,,,,,
,1222,9847880724,,55.280922,25.174193,,,,,
,1223,5998876249,,55.274943,25.171511,,,,,
,1224,5998876232,,55.279908,25.174329,,,,,
,1225,5998876255,,55.274735,25.171374,,,,,
,1226,6005296404,,55.270247,25.176911,,,,,
,1227,10060736589,,55.284308,25.200271,,,,,
,1228,10060736545,,55.282656,25.201778,,,,,
,1229,3852550190,,55.270004,25.191592,,,,,
,1230,3852550192,,55.269799,25.190682,,,,,
,1231,2659456536,,55.289219,25.193420,,,,,
,1232,265714795,,55.285021,25.202804,,,,,
,1233,647982359,,55.282618,25.196205,,,,,
,1234,11407046799,,55.282213,25.195699,,,,,
,1235,7096391631,signal,55.282698,25.195985,,,,,
,1236,647982129,,55.282772,25.196088,,,,,
,1237,605023896,,55.280857,25.198401,,,,,
,1238,2600390669,,55.261483,25.191507,,,,,
,1239,6498100859,,55.263595,25.201237,,,,,
,1240,9983022327,,55.263048,25.200671,,,,,
,1241,9983022346,,55.263009,25.200692,,,,,
,1242,6498100867,,55.264340,25.200824,,,,,
,1243,4520708817,,55.263832,25.200014,,,,,
,1244,9983022376,,55.264779,25.201451,,,,,
,1245,5998876196,,55.280757,25.173166,,,,,
,1246,9847880731,,55.279956,25.173157,,,,,
,1247,10611387415,,55.277250,25.172321,,,,,
,1248,6573331371,,55.273025,25.189818,,,,,
,1249,6573534192,,55.272504,25.193707,,,,,
,1250,1861384386,,55.289604,25.194919,,,,,
,1251,5025649006,signal,55.289463,25.194992,,,,,
,1252,6816180113,,55.285832,25.197340,,,,,
,1253,6816180121,,55.283219,25.198826,,,,,
,1254,9007531077,,55.290777,25.184463,,,,,
,1255,10042609517,,55.269220,25.192701,,,,,
,1256,12039750901,,55.273038,25.173188,,,,,
,1257,5796714125,,55.270653,25.165640,,,,,
,1258,9814428175,,55.263221,25.170526,,,,,
,1259,5742295473,,55.287000,25.186043,,,,,
,1260,7557963104,,55.275267,25.188837,,,,,
,1261,7557963101,,55.276122,25.188743,,,,,
,1262,7557992389,,55.274940,25.188901,,,,,
,1263,7557992385,,55.274034,25.189373,,,,,
,1264,4924401945,,55.263107,25.197786,,,,,
,1265,9075856546,,55.259650,25.194072,,,,,
,1266,1029419876,,55.257782,25.192092,,,,,
,1267,7350297991,,55.261920,25.193423,,,,,
,1268,10068515794,,55.287568,25.203062,,,,,
,1269,7771997219,,55.287418,25.202173,,,,,
,1270,7790308867,,55.289848,25.203344,,,,,
,1271,5818639112,,55.262558,25.171570,,,,,
,1272,5802373844,,55.271985,25.202150,,,,,
,1273,10058178750,,55.271364,25.201456,,,,,
,1274,8768067555,signal,55.277987,25.200962,,,,,
,1275,10068208809,,55.277927,25.200990,,,,,
,1276,8768067534,,55.279287,25.200368,,,,,
,1277,8768067577,,55.277658,25.201387,,,,,
,1278,12150525064,signal,55.277196,25.201362,,,,,
,1279,8768067568,,55.277201,25.201359,,,,,
,1280,8768068920,,55.284783,25.194966,,,,,
,1281,8768068880,,55.284594,25.194918,,,,,
,1282,8768068915,,55.285297,25.194484,,,,,
,1283,8768068909,,55.285217,25.194917,,,,,
,1284,6522193329,,55.285969,25.195272,,,,,
,1285,8768068916,,55.285124,25.195029,,,,,
,1286,8793546822,,55.288526,25.195253,,,,,
,1287,6816180124,,55.283387,25.198386,,,,,
,1288,8796484737,,55.267207,25.194346,,,,,
,1289,8796484744,,55.267024,25.194381,,,,,
,1290,8796484755,,55.266864,25.194620,,,,,
,1291,8796484754,,55.267057,25.194596,,,,,
,1292,5998876253,,55.274664,25.171238,,,,,
,1293,8899321799,,55.279365,25.194297,,,,,
,1294,10009790301,,55.271190,25.194044,,,,,
,1295,8998093851,,55.268920,25.192701,,,,,
,1296,10042603406,,55.269024,25.192956,,,,,
,1297,8996143718,signal,55.269731,25.193603,,,,,
,1298,8996143722,,55.269102,25.193453,,,,,
,1299,8996143720,,55.269246,25.193558,,,,,
,1300,10907546691,signal,55.270204,25.193816,,,,,
,1301,1752986055,,55.266922,25.195507,,,,,
,1302,10026655896,,55.266446,25.195861,,,,,
,1303,8996143757,,55.265876,25.195277,,,,,
,1304,1125079658,,55.277042,25.201587,,,,,
,1305,9006908655,,55.277907,25.201280,,,,,
,1306,1132269525,,55.283723,25.197395,,,,,
,1307,1132269526,,55.284293,25.197504,,,,,
,1308,3681469335,,55.290559,25.184169,,,,,
,1309,9513907637,,55.276490,25.201885,,,,,
,1310,9074620781,,55.268623,25.199271,,,,,
,1311,9074620786,,55.269486,25.200594,,,,,
,1312,2600390644,,55.260767,25.190041,,,,,
,1313,9074629281,,55.260846,25.189689,,,,,
,1314,9075848777,,55.259105,25.200592,,,,,
,1315,9075848778,,55.259078,25.200563,,,,,
,1316,7139702724,,55.268963,25.196609,,,,,
,1317,11402692127,signal,55.271992,25.198863,,,,,
,1318,8796484738,,55.267105,25.194420,,,,,
,1319,8796484739,,55.267023,25.194466,,,,,
,1320,10068208807,,55.284020,25.197652,,,,,
,1321,5025649010,signal,55.278040,25.201048,,,,,
,1322,5802469205,,55.284149,25.198042,,,,,
,1323,9079133453,,55.273088,25.180334,,,,,
,1324,9079135606,,55.273226,25.180081,,,,,
,1325,9079133447,,55.272915,25.180321,,,,,
,1326,9079085111,,55.273041,25.180081,,,,,
,1327,2600390666,,55.275113,25.181824,,,,,
,1328,9079067996,,55.274984,25.181878,,,,,
,1329,9079067999,,55.274745,25.182164,,,,,
,1330,9079067976,,55.274933,25.182016,,,,,
,1331,9079133449,,55.273079,25.180183,,,,,
,1332,9079133448,,55.273025,25.180258,,,,,
,1333,9079133446,,55.273036,25.180197,,,,,
,1334,9079133450,,55.273073,25.180238,,,,,
,1335,4871929776,signal,55.260675,25.206611,,,,,
,1336,9079644042,,55.259483,25.207255,,,,,
,1337,8796484748,,55.267010,25.194521,,,,,
,1338,8796484747,,55.267090,25.194482,,,,,
,1339,1132300093,,55.278255,25.203309,,,,,
,1340,10033268624,,55.272511,25.188659,,,,,
,1341,10033268603,,55.272412,25.188620,,,,,
,1342,10033268615,,55.272516,25.188559,,,,,
,1343,10033268662,,55.275875,25.186463,,,,,
,1344,10033268668,,55.275922,25.186372,,,,,
,1345,9083626372,,55.257738,25.188145,,,,,
,1346,9513907635,,55.276324,25.202258,,,,,
,1347,9549716827,,55.275869,25.204522,,,,,
,1348,9790494124,,55.266277,25.199595,,,,,
,1349,9790494102,,55.266369,25.199729,,,,,
,1350,9790494113,,55.266196,25.199329,,,,,
,1351,9790494140,,55.266401,25.199507,,,,,
,1352,9790494123,,55.266289,25.199566,,,,,
,1353,9790494142,,55.266336,25.199523,,,,,
,1354,3852409940,,55.258448,25.186469,,,,,
,1355,9976571855,,55.259485,25.193718,,,,,
,1356,9983022318,,55.262416,25.201335,,,,,
,1357,9983022317,,55.262264,25.201102,,,,,
,1358,9983022320,,55.262304,25.201073,,,,,
,1359,9983022319,,55.262450,25.201311,,,,,
,1360,9983022322,,55.262522,25.200952,,,,,
,1361,9983022324,,55.263216,25.200978,,,,,
,1362,9983022351,,55.262952,25.200682,,,,,
,1363,9983514329,,55.277866,25.181435,,,,,
,1364,9983514361,,55.282932,25.182566,,,,,
,1365,9983514380,,55.286296,25.185665,,,,,
,1366,9983514382,,55.285288,25.184252,,,,,
,1367,9983514384,,55.285821,25.184894,,,,,
,1368,9983514386,,55.286356,25.185770,,,,,
,1369,9983514393,,55.287534,25.187057,,,,,
,1370,9990891195,,55.261938,25.196140,,,,,
,1371,9984712031,,55.269095,25.180481,,,,,
,1372,10002326440,,55.270874,25.181343,,,,,
,1373,10015320397,,55.261769,25.188805,,,,,
,1374,10015359622,,55.261764,25.188871,,,,,
,1375,10015320406,,55.261844,25.188773,,,,,
,1376,10015359619,,55.261837,25.188844,,,,,
,1377,10017581953,,55.260209,25.186671,,,,,
,1378,10018111694,,55.284071,25.189568,,,,,
,1379,10018111695,,55.283421,25.186815,,,,,
,1380,10018111701,,55.285345,25.191641,,,,,
,1381,10018111706,,55.284780,25.191205,,,,,
,1382,10020669419,,55.281412,25.184714,,,,,
,1383,10020669441,,55.279673,25.184068,,,,,
,1384,10033268610,,55.272479,25.188605,,,,,
,1385,10033268621,,55.272468,25.188577,,,,,
,1386,10035986701,,55.265745,25.193707,,,,,
,1387,10056094830,,55.275221,25.188907,,,,,
,1388,10056094829,,55.275241,25.188979,,,,,
,1389,10056094835,,55.275251,25.188856,,,,,
,1390,10723121663,,55.272135,25.194903,,,,,
,1391,5025758619,signal,55.275807,25.204293,,,,,
,1392,2396987834,,55.275688,25.204328,,,,,
,1393,10058557275,,55.274793,25.192261,,,,,
,1394,10058823740,,55.274868,25.207093,,,,,
,1395,10060572258,,55.273815,25.198326,,,,,
,1396,10060736547,,55.282377,25.201640,,,,,
,1397,10050862246,,55.277943,25.187228,,,,,
,1398,10180731468,,55.284580,25.183613,,,,,
,1399,1029420557,,55.257912,25.191994,,,,,
,1400,1029418880,,55.257712,25.192084,,,,,
,1401,10276007259,,55.259739,25.202403,,,,,
,1402,10611387416,,55.276940,25.172097,,,,,
,1403,5998876186,,55.276071,25.171004,,,,,
,1404,4587216888,,55.263252,25.205026,,,,,
,1405,9983266813,,55.263492,25.205386,,,,,
,1406,4924507195,signal,55.263412,25.205266,,,,,
,1407,4924491210,,55.261170,25.201827,,,,,
,1408,9983013076,,55.262304,25.203283,,,,,
,1409,9983013069,,55.262068,25.202935,,,,,
,1410,9983514343,,55.279807,25.181551,,,,,
,1411,11763500393,,55.271256,25.196551,,,,,
,1412,11301869114,,55.278657,25.176904,,,,,
,1413,11301869113,,55.278703,25.176805,,,,,
,1414,9863626093,,55.279025,25.176952,,,,,
,1415,1151485026,signal,55.282759,25.196384,,,,,
,1416,1132269432,signal,55.283683,25.197336,,,,,
,1417,11763500391,,55.271169,25.196582,,,,,
,1418,11876066902,,55.266230,25.180450,,,,,
,1419,11921545021,,55.288873,25.204586,,,,,
,1420,11921545034,,55.288651,25.203008,,,,,
,1421,12039750781,,55.283387,25.174191,,,,,
